<Anims>
 <anim name="BUILD" root="swap_stormspear" numframes="1000" framerate="40">
  <frame idx="0" w="226" h="329" x="-4.321159" y="-97.722336">
   <element name="symbol0" layername="stormspear" frame="0" z_index="1" m_a="0.999996" m_b="0.002865" m_c="-0.002865" m_d="0.999996" m_tx="-3.004223" m_ty="-33.323441"/>
  </frame>
  <frame idx="25" w="226" h="329" x="-4.321159" y="-97.722336">
   <element name="symbol0" layername="stormspear" frame="0" z_index="1" m_a="0.999996" m_b="0.002865" m_c="-0.002865" m_d="0.999996" m_tx="-3.004223" m_ty="-33.323441"/>
  </frame>
  <frame idx="50" w="226" h="329" x="-4.321159" y="-97.722336">
   <element name="symbol0" layername="stormspear" frame="0" z_index="1" m_a="0.999996" m_b="0.002865" m_c="-0.002865" m_d="0.999996" m_tx="-3.004223" m_ty="-33.323441"/>
  </frame>
  <frame idx="75" w="226" h="329" x="-4.321159" y="-97.722336">
   <element name="symbol0" layername="stormspear" frame="0" z_index="1" m_a="0.999996" m_b="0.002865" m_c="-0.002865" m_d="0.999996" m_tx="-3.004223" m_ty="-33.323441"/>
  </frame>
  <frame idx="100" w="226" h="329" x="-4.321159" y="-97.722336">
   <element name="symbol0" layername="stormspear" frame="0" z_index="1" m_a="0.999996" m_b="0.002865" m_c="-0.002865" m_d="0.999996" m_tx="-3.004223" m_ty="-33.323441"/>
  </frame>
  <frame idx="125" w="226" h="329" x="-4.321159" y="-97.722336">
   <element name="symbol0" layername="stormspear" frame="0" z_index="1" m_a="0.999996" m_b="0.002865" m_c="-0.002865" m_d="0.999996" m_tx="-3.004223" m_ty="-33.323441"/>
  </frame>
  <frame idx="150" w="226" h="329" x="-4.321159" y="-97.722336">
   <element name="symbol0" layername="stormspear" frame="0" z_index="1" m_a="0.999996" m_b="0.002865" m_c="-0.002865" m_d="0.999996" m_tx="-3.004223" m_ty="-33.323441"/>
  </frame>
  <frame idx="175" w="226" h="329" x="-4.321159" y="-97.722336">
   <element name="symbol0" layername="stormspear" frame="0" z_index="1" m_a="0.999996" m_b="0.002865" m_c="-0.002865" m_d="0.999996" m_tx="-3.004223" m_ty="-33.323441"/>
  </frame>
  <frame idx="200" w="226" h="329" x="-4.321159" y="-97.722336">
   <element name="symbol0" layername="stormspear" frame="0" z_index="1" m_a="0.999996" m_b="0.002865" m_c="-0.002865" m_d="0.999996" m_tx="-3.004223" m_ty="-33.323441"/>
  </frame>
  <frame idx="225" w="226" h="329" x="-4.321159" y="-97.722336">
   <element name="symbol0" layername="stormspear" frame="0" z_index="1" m_a="0.999996" m_b="0.002865" m_c="-0.002865" m_d="0.999996" m_tx="-3.004223" m_ty="-33.323441"/>
  </frame>
  <frame idx="250" w="226" h="329" x="-4.321159" y="-97.722336">
   <element name="symbol0" layername="stormspear" frame="0" z_index="1" m_a="0.999996" m_b="0.002865" m_c="-0.002865" m_d="0.999996" m_tx="-3.004223" m_ty="-33.323441"/>
  </frame>
  <frame idx="275" w="226" h="329" x="-4.321159" y="-97.722336">
   <element name="symbol0" layername="stormspear" frame="0" z_index="1" m_a="0.999996" m_b="0.002865" m_c="-0.002865" m_d="0.999996" m_tx="-3.004223" m_ty="-33.323441"/>
  </frame>
  <frame idx="300" w="226" h="329" x="-4.321159" y="-97.722336">
   <element name="symbol0" layername="stormspear" frame="0" z_index="1" m_a="0.999996" m_b="0.002865" m_c="-0.002865" m_d="0.999996" m_tx="-3.004223" m_ty="-33.323441"/>
  </frame>
  <frame idx="325" w="226" h="329" x="-4.321159" y="-97.722336">
   <element name="symbol0" layername="stormspear" frame="0" z_index="1" m_a="0.999996" m_b="0.002865" m_c="-0.002865" m_d="0.999996" m_tx="-3.004223" m_ty="-33.323441"/>
  </frame>
  <frame idx="350" w="226" h="329" x="-4.321159" y="-97.722336">
   <element name="symbol0" layername="stormspear" frame="0" z_index="1" m_a="0.999996" m_b="0.002865" m_c="-0.002865" m_d="0.999996" m_tx="-3.004223" m_ty="-33.323441"/>
  </frame>
  <frame idx="375" w="226" h="329" x="-4.321159" y="-97.722336">
   <element name="symbol0" layername="stormspear" frame="0" z_index="1" m_a="0.999996" m_b="0.002865" m_c="-0.002865" m_d="0.999996" m_tx="-3.004223" m_ty="-33.323441"/>
  </frame>
  <frame idx="400" w="226" h="329" x="-4.321159" y="-97.722336">
   <element name="symbol0" layername="stormspear" frame="0" z_index="1" m_a="0.999996" m_b="0.002865" m_c="-0.002865" m_d="0.999996" m_tx="-3.004223" m_ty="-33.323441"/>
  </frame>
  <frame idx="425" w="226" h="329" x="-4.321159" y="-97.722336">
   <element name="symbol0" layername="stormspear" frame="0" z_index="1" m_a="0.999996" m_b="0.002865" m_c="-0.002865" m_d="0.999996" m_tx="-3.004223" m_ty="-33.323441"/>
  </frame>
  <frame idx="450" w="226" h="329" x="-4.321159" y="-97.722336">
   <element name="symbol0" layername="stormspear" frame="0" z_index="1" m_a="0.999996" m_b="0.002865" m_c="-0.002865" m_d="0.999996" m_tx="-3.004223" m_ty="-33.323441"/>
  </frame>
  <frame idx="475" w="226" h="329" x="-4.321159" y="-97.722336">
   <element name="symbol0" layername="stormspear" frame="0" z_index="1" m_a="0.999996" m_b="0.002865" m_c="-0.002865" m_d="0.999996" m_tx="-3.004223" m_ty="-33.323441"/>
  </frame>
  <frame idx="500" w="226" h="329" x="-4.321159" y="-97.722336">
   <element name="symbol0" layername="stormspear" frame="0" z_index="1" m_a="0.999996" m_b="0.002865" m_c="-0.002865" m_d="0.999996" m_tx="-3.004223" m_ty="-33.323441"/>
  </frame>
  <frame idx="525" w="226" h="329" x="-4.321159" y="-97.722336">
   <element name="symbol0" layername="stormspear" frame="0" z_index="1" m_a="0.999996" m_b="0.002865" m_c="-0.002865" m_d="0.999996" m_tx="-3.004223" m_ty="-33.323441"/>
  </frame>
  <frame idx="550" w="226" h="329" x="-4.321159" y="-97.722336">
   <element name="symbol0" layername="stormspear" frame="0" z_index="1" m_a="0.999996" m_b="0.002865" m_c="-0.002865" m_d="0.999996" m_tx="-3.004223" m_ty="-33.323441"/>
  </frame>
  <frame idx="575" w="226" h="329" x="-4.321159" y="-97.722336">
   <element name="symbol0" layername="stormspear" frame="0" z_index="1" m_a="0.999996" m_b="0.002865" m_c="-0.002865" m_d="0.999996" m_tx="-3.004223" m_ty="-33.323441"/>
  </frame>
  <frame idx="600" w="226" h="329" x="-4.321159" y="-97.722336">
   <element name="symbol0" layername="stormspear" frame="0" z_index="1" m_a="0.999996" m_b="0.002865" m_c="-0.002865" m_d="0.999996" m_tx="-3.004223" m_ty="-33.323441"/>
  </frame>
  <frame idx="625" w="226" h="329" x="-4.321159" y="-97.722336">
   <element name="symbol0" layername="stormspear" frame="0" z_index="1" m_a="0.999996" m_b="0.002865" m_c="-0.002865" m_d="0.999996" m_tx="-3.004223" m_ty="-33.323441"/>
  </frame>
  <frame idx="650" w="226" h="329" x="-4.321159" y="-97.722336">
   <element name="symbol0" layername="stormspear" frame="0" z_index="1" m_a="0.999996" m_b="0.002865" m_c="-0.002865" m_d="0.999996" m_tx="-3.004223" m_ty="-33.323441"/>
  </frame>
  <frame idx="675" w="226" h="329" x="-4.321159" y="-97.722336">
   <element name="symbol0" layername="stormspear" frame="0" z_index="1" m_a="0.999996" m_b="0.002865" m_c="-0.002865" m_d="0.999996" m_tx="-3.004223" m_ty="-33.323441"/>
  </frame>
  <frame idx="700" w="226" h="329" x="-4.321159" y="-97.722336">
   <element name="symbol0" layername="stormspear" frame="0" z_index="1" m_a="0.999996" m_b="0.002865" m_c="-0.002865" m_d="0.999996" m_tx="-3.004223" m_ty="-33.323441"/>
  </frame>
  <frame idx="725" w="226" h="329" x="-4.321159" y="-97.722336">
   <element name="symbol0" layername="stormspear" frame="0" z_index="1" m_a="0.999996" m_b="0.002865" m_c="-0.002865" m_d="0.999996" m_tx="-3.004223" m_ty="-33.323441"/>
  </frame>
  <frame idx="750" w="226" h="329" x="-4.321159" y="-97.722336">
   <element name="symbol0" layername="stormspear" frame="0" z_index="1" m_a="0.999996" m_b="0.002865" m_c="-0.002865" m_d="0.999996" m_tx="-3.004223" m_ty="-33.323441"/>
  </frame>
  <frame idx="775" w="226" h="329" x="-4.321159" y="-97.722336">
   <element name="symbol0" layername="stormspear" frame="0" z_index="1" m_a="0.999996" m_b="0.002865" m_c="-0.002865" m_d="0.999996" m_tx="-3.004223" m_ty="-33.323441"/>
  </frame>
  <frame idx="800" w="226" h="329" x="-4.321159" y="-97.722336">
   <element name="symbol0" layername="stormspear" frame="0" z_index="1" m_a="0.999996" m_b="0.002865" m_c="-0.002865" m_d="0.999996" m_tx="-3.004223" m_ty="-33.323441"/>
  </frame>
  <frame idx="825" w="226" h="329" x="-4.321159" y="-97.722336">
   <element name="symbol0" layername="stormspear" frame="0" z_index="1" m_a="0.999996" m_b="0.002865" m_c="-0.002865" m_d="0.999996" m_tx="-3.004223" m_ty="-33.323441"/>
  </frame>
  <frame idx="850" w="226" h="329" x="-4.321159" y="-97.722336">
   <element name="symbol0" layername="stormspear" frame="0" z_index="1" m_a="0.999996" m_b="0.002865" m_c="-0.002865" m_d="0.999996" m_tx="-3.004223" m_ty="-33.323441"/>
  </frame>
  <frame idx="875" w="226" h="329" x="-4.321159" y="-97.722336">
   <element name="symbol0" layername="stormspear" frame="0" z_index="1" m_a="0.999996" m_b="0.002865" m_c="-0.002865" m_d="0.999996" m_tx="-3.004223" m_ty="-33.323441"/>
  </frame>
  <frame idx="900" w="226" h="329" x="-4.321159" y="-97.722336">
   <element name="symbol0" layername="stormspear" frame="0" z_index="1" m_a="0.999996" m_b="0.002865" m_c="-0.002865" m_d="0.999996" m_tx="-3.004223" m_ty="-33.323441"/>
  </frame>
  <frame idx="925" w="226" h="329" x="-4.321159" y="-97.722336">
   <element name="symbol0" layername="stormspear" frame="0" z_index="1" m_a="0.999996" m_b="0.002865" m_c="-0.002865" m_d="0.999996" m_tx="-3.004223" m_ty="-33.323441"/>
  </frame>
  <frame idx="950" w="226" h="329" x="-4.321159" y="-97.722336">
   <element name="symbol0" layername="stormspear" frame="0" z_index="1" m_a="0.999996" m_b="0.002865" m_c="-0.002865" m_d="0.999996" m_tx="-3.004223" m_ty="-33.323441"/>
  </frame>
  <frame idx="975" w="226" h="329" x="-4.321159" y="-97.722336">
   <element name="symbol0" layername="stormspear" frame="0" z_index="1" m_a="0.999996" m_b="0.002865" m_c="-0.002865" m_d="0.999996" m_tx="-3.004223" m_ty="-33.323441"/>
  </frame>
 </anim>
</Anims>
