<Anims>
 <anim name="anim" root="caprica_beard" numframes="50" framerate="40">
  <frame idx="0" w="289" h="207" x="249.000488" y="0.000961">
   <element name="beard_short" layername="beard_short" frame="0" z_index="1" m_a="1.000000" m_b="0.000000" m_c="0.000000" m_d="1.000000" m_tx="67.099998" m_ty="-90.299004"/>
   <element name="beard_long" layername="beard_long" frame="0" z_index="2" m_a="1.000000" m_b="0.000000" m_c="0.000000" m_d="1.000000" m_tx="423.600006" m_ty="-90.299004"/>
   <element name="beard_medium" layername="beard_medium" frame="0" z_index="3" m_a="1.000000" m_b="0.000000" m_c="0.000000" m_d="1.000000" m_tx="247.649994" m_ty="-90.299004"/>
  </frame>
  <frame idx="25" w="289" h="207" x="249.000488" y="0.000961">
   <element name="beard_short" layername="beard_short" frame="0" z_index="1" m_a="1.000000" m_b="0.000000" m_c="0.000000" m_d="1.000000" m_tx="67.099998" m_ty="-90.299004"/>
   <element name="beard_long" layername="beard_long" frame="0" z_index="2" m_a="1.000000" m_b="0.000000" m_c="0.000000" m_d="1.000000" m_tx="423.600006" m_ty="-90.299004"/>
   <element name="beard_medium" layername="beard_medium" frame="0" z_index="3" m_a="1.000000" m_b="0.000000" m_c="0.000000" m_d="1.000000" m_tx="247.649994" m_ty="-90.299004"/>
  </frame>
 </anim>
</Anims>
